airline_name,flight_code
Vistara,706
Vistara,772
Vistara,720
Vistara,836
Vistara,822
Vistara,828
Vistara,874
Vistara,832
Vistara,826
Vistara,860
Vistara,876
Vistara,878
Vistara,838
Vistara,830
Vistara,870
Vistara,824
Vistara,774
Vistara,708
Vistara,738
Vistara,852
Vistara,776
Air India,770
Vistara,858
Vistara,808
Vistara,880
Vistara,810
Air India,440
Vistara,812
Air India,559
Air India,543
Air India,430
Vistara,816
Air India,763
Air India,402
Air India,840
Air India,538
Air India,808
Vistara,778
Vistara,866
Vistara,890
Vistara,834
Vistara,850
Air India,541
Vistara,854
Air India,804
Vistara,988
Air India,660
Air India,867
Vistara,940
Air India,888
Air India,503
Air India,539
Air India,505
Vistara,846
Vistara,994
Air India,806
Air India,809
Vistara,996
Vistara,814
Vistara,970
Air India,442
Vistara,930
Vistara,864
Vistara,928
Air India,768
Vistara,818
Vistara,958
Air India,635
Vistara,960
Air India,698
Air India,672
Air India,687
Vistara,802
Vistara,820
Vistara,995
Vistara,953
Vistara,986
Vistara,985
Vistara,927
Air India,569
Vistara,981
Vistara,963
Vistara,910
Air India,501
Vistara,950
Vistara,944
Vistara,955
Air India,640
Vistara,954
Vistara,945
Vistara,933
Vistara,977
Air India,773
Vistara,993
Air India,610
Vistara,902
Vistara,951
Vistara,943
Vistara,941
Air India,526
Air India,525
Vistara,898
Vistara,975
Air India,732
Vistara,877
Vistara,657
Air India,864
Air India,766
Air India,619
Air India,573
Air India,765
Vistara,897
Air India,774
Vistara,873
Vistara,819
Air India,636
Vistara,894
Air India,676
Air India,9894
Air India,805
Air India,441
Vistara,863
Air India,678
Air India,665
Air India,507
Air India,624
Vistara,829
Air India,424
Air India,542
Vistara,875
Vistara,851
Air India,868
Air India,429
Vistara,893
Vistara,879
Indigo,6021
Air India,762
Vistara,653
Air India,887
Indigo,605
GO FIRST,116
Air India,9517
Air India,839
GO FIRST,227
Air India,401
Air India,865
Air India,764
Indigo,6113
Air India,639
Air India,560
AirAsia,1529
GO FIRST,302
Vistara,801
Vistara,899
Indigo,841
Vistara,659
AirAsia,942
Vistara,853
Air India,671
Indigo,6205
Vistara,811
Air India,544
Vistara,871
Air India,803
GO FIRST,424
AirAsia,972
GO FIRST,512
Vistara,705
AirAsia,1518
Indigo,847
Air India,540
Vistara,817
AirAsia,740
Air India,807
Air India,673
AirAsia,1229
Vistara,815
Air India,570
Indigo,6137
Vistara,637
AirAsia,1543
Air India,504
Air India,506
Indigo,354
Vistara,813
Indigo,893
Air India,502
Air India,767
Air India,651
Vistara,613
GO FIRST,304
AirAsia,2473
Air India,669
GO FIRST,7562
Indigo,2005
Air India,9891
Vistara,859
Vistara,651
Air India,9893
AirAsia,510
GO FIRST,395
Vistara,807
Air India,537
Air India,9547
Air India,607
GO FIRST,102
AirAsia,767
Indigo,6212
Vistara,867
Vistara,821
Vistara,845
GO FIRST,118
AirAsia,517
Indigo,591
Indigo,269
Air India,637
Indigo,6491
Air India,675
Vistara,823
Air India,9518
Vistara,809
Vistara,857
Air India,616
GO FIRST,537
Indigo,6172
Indigo,2247
Air India,516
Indigo,541
Air India,439
Air India,747
GO FIRST,519
Vistara,825
Indigo,886
AirAsia,747
Air India,748
GO FIRST,515
GO FIRST,351
Indigo,496
Indigo,6067
Indigo,5217
AirAsia,1563
Vistara,747
Vistara,775
AirAsia,974
Air India,631
GO FIRST,426
AirAsia,319
Indigo,417
Air India,877
AirAsia,336
Indigo,6006
Air India,9720
Air India,738
GO FIRST,7556
Vistara,835
AirAsia,1531
Air India,473
Indigo,5312
AirAsia,775
Air India,9881
AirAsia,798
Indigo,6151
Indigo,6257
Vistara,771
Vistara,673
Vistara,827
Indigo,563
AirAsia,991
AirAsia,2991
AirAsia,1569
AirAsia,620
GO FIRST,334
AirAsia,588
AirAsia,552
GO FIRST,7547
SpiceJet,4010
Indigo,495
Air India,508
Indigo,484
Indigo,6326
GO FIRST,789
Air India,889
GO FIRST,336
Air India,9745
Indigo,5208
SpiceJet,678
SpiceJet,612
GO FIRST,338
Vistara,833
GO FIRST,7535
Air India,9505
Vistara,865
SpiceJet,3027
SpiceJet,8152
Air India,625
Indigo,5209
Indigo,179
Air India,9885
SpiceJet,8130
GO FIRST,385
GO FIRST,509
Air India,615
Air India,685
Vistara,849
GO FIRST,327
Indigo,514
AirAsia,721
AirAsia,783
Indigo,6339
Air India,885
GO FIRST,511
SpiceJet,8264
Air India,415
Vistara,841
GO FIRST,320
GO FIRST,717
GO FIRST,101
GO FIRST,803
AirAsia,550
AirAsia,821
AirAsia,784
GO FIRST,285
Vistara,837
Vistara,655
GO FIRST,505
Indigo,6217
Indigo,531
GO FIRST,7560
Air India,611
Indigo,2331
Air India,515
GO FIRST,364
Air India,9876
Vistara,839
GO FIRST,322
Vistara,707
GO FIRST,392
Indigo,135
Indigo,5307
Air India,838
Indigo,6017
GO FIRST,286
GO FIRST,792
GO FIRST,7534
GO FIRST,2508
Indigo,6488
GO FIRST,323
Indigo,512
GO FIRST,319
Indigo,345
AirAsia,547
SpiceJet,4009
Indigo,7561
Vistara,737
Indigo,157
Indigo,139
GO FIRST,391
GO FIRST,113
Indigo,413
AirAsia,582
Air India,729
Indigo,7223
AirAsia,741
GO FIRST,383
SpiceJet,387
Air India,423
GO FIRST,123
Indigo,638
Indigo,6219
Indigo,967
GO FIRST,530
AirAsia,631
Indigo,905
GO FIRST,7548
Indigo,711
GO FIRST,345
Indigo,6818
Air India,683
GO FIRST,390
Indigo,2083
AirAsia,792
AirAsia,330
Indigo,822
Air India,411
GO FIRST,305
Indigo,5338
Air India,679
GO FIRST,312
Indigo,725
GO FIRST,321
AirAsia,829
GO FIRST,7545
Air India,453
AirAsia,830
Indigo,827
GO FIRST,146
GO FIRST,329
AirAsia,713
SpiceJet,3839
Indigo,6066
Air India,565
GO FIRST,873
Air India,883
SpiceJet,8158
Vistara,627
GO FIRST,346
GO FIRST,171
GO FIRST,330
Indigo,6917
SpiceJet,8702
GO FIRST,339
GO FIRST,244
Air India,512
Air India,681
GO FIRST,2501
Indigo,379
Indigo,294
Indigo,588
Indigo,136
AirAsia,1228
GO FIRST,241
Indigo,6463
SpiceJet,520
GO FIRST,805
Indigo,6319
GO FIRST,119
AirAsia,744
GO FIRST,7533
Indigo,236
SpiceJet,8169
Indigo,5375
Indigo,5308
AirAsia,1426
GO FIRST,399
Indigo,2336
AirAsia,548
Indigo,6809
SpiceJet,768
Air India,663
Indigo,489
Indigo,156
GO FIRST,7536
GO FIRST,2513
AirAsia,787
GO FIRST,7537
Indigo,5236
GO FIRST,518
GO FIRST,7546
GO FIRST,517
Vistara,727
AirAsia,1528
GO FIRST,317
GO FIRST,331
SpiceJet,8709
SpiceJet,8710
Air India,469
Indigo,5332
Air India,465
AirAsia,1621
SpiceJet,8157
AirAsia,722
SpiceJet,2976
SpiceJet,337
Indigo,6467
AirAsia,996
AirAsia,1782
GO FIRST,287
SpiceJet,8803
SpiceJet,8946
AirAsia,749
AirAsia,1517
AirAsia,1562
Indigo,6215
Indigo,375
Air India,483
Indigo,793
AirAsia,711
GO FIRST,382
Air India,9501
Vistara,847
Indigo,397
Indigo,2474
Indigo,2193
Indigo,855
GO FIRST,125
Air India,485
Indigo,5175
Indigo,219
Indigo,371
GO FIRST,790
Air India,406
Indigo,5392
Indigo,2147
AirAsia,766
SpiceJet,516
GO FIRST,275
GO FIRST,283
Air India,523
Indigo,7298
Indigo,7403
GO FIRST,211
Indigo,752
Indigo,5002
GO FIRST,165
Air India,479
Indigo,2348
Indigo,369
GO FIRST,510
AirAsia,768
GO FIRST,341
AirAsia,2461
Indigo,193
Air India,811
Indigo,6214
Indigo,5366
AirAsia,710
SpiceJet,406
AirAsia,818
SpiceJet,3281
Indigo,5371
Air India,649
Vistara,621
SpiceJet,251
GO FIRST,423
Indigo,566
Vistara,773
Indigo,2248
Air India,409
Air India,776
GO FIRST,571
Indigo,684
Air India,9875
GO FIRST,504
GO FIRST,713
Indigo,6965
Indigo,6277
GO FIRST,422
Indigo,152
Indigo,5376
Indigo,7136
GO FIRST,354
GO FIRST,7538
SpiceJet,611
Indigo,668
SpiceJet,8721
Indigo,357
AirAsia,423
GO FIRST,451
GO FIRST,625
Indigo,2026
GO FIRST,7559
GO FIRST,626
GO FIRST,7541
Indigo,528
AirAsia,1576
Indigo,2188
Indigo,562
SpiceJet,731
GO FIRST,325
SpiceJet,8903
Indigo,2338
Air India,459
Indigo,913
SpiceJet,401
Air India,467
AirAsia,764
AirAsia,1530
Air India,633
Air India,743
SpiceJet,3283
GO FIRST,520
Indigo,6567
AirAsia,941
SpiceJet,488
Indigo,2516
Indigo,6513
GO FIRST,791
Indigo,282
Indigo,6187
Air India,545
Indigo,6366
Indigo,772
Indigo,126
AirAsia,773
Air India,891
Indigo,331
GO FIRST,363
Indigo,515
AirAsia,819
Indigo,6222
Indigo,6591
AirAsia,371
Indigo,131
SpiceJet,531
GO FIRST,103
Air India,451
Indigo,599
AirAsia,410
GO FIRST,7549
Indigo,2102
AirAsia,1983
Indigo,895
Indigo,426
Indigo,5013
SpiceJet,3002
Indigo,161
Indigo,6785
Indigo,457
SpiceJet,276
SpiceJet,4417
Indigo,879
SpiceJet,143
AirAsia,1780
Indigo,6345
Indigo,6051
SpiceJet,4027
Indigo,654
GO FIRST,7543
Air India,9657
AirAsia,992
GO FIRST,1404
Indigo,285
Indigo,807
GO FIRST,365
AirAsia,592
SpiceJet,732
Indigo,7271
SpiceJet,475
AirAsia,1561
GO FIRST,349
Indigo,607
Indigo,2077
Indigo,134
AirAsia,1321
Indigo,6234
GO FIRST,371
SpiceJet,8207
SpiceJet,191
AirAsia,556
GO FIRST,387
Indigo,796
GO FIRST,808
Indigo,5369
Indigo,992
Indigo,743
Indigo,2028
Indigo,6104
Indigo,7185
Air India,531
Indigo,804
Indigo,982
Indigo,6433
Indigo,5367
Vistara,855
Indigo,181
Indigo,7264
Indigo,2373
GO FIRST,393
GO FIRST,532
Indigo,276
Indigo,7156
Indigo,927
Indigo,958
AirAsia,339
Indigo,2062
Indigo,6014
Indigo,2181
Indigo,5398
GO FIRST,701
SpiceJet,517
AirAsia,1451
Indigo,5211
AirAsia,557
Indigo,384
Indigo,455
Indigo,168
Indigo,788
Indigo,5038
Indigo,929
GO FIRST,173
Indigo,318
GO FIRST,812
Air India,620
Indigo,6233
Indigo,6535
GO FIRST,398
Air India,481
Indigo,7623
Air India,9741
Indigo,6278
GO FIRST,7555
AirAsia,559
GO FIRST,2509
Air India,471
Indigo,6111
Indigo,534
Vistara,683
SpiceJet,3831
GO FIRST,501
SpiceJet,8645
Air India,787
Indigo,6749
GO FIRST,7561
SpiceJet,679
Indigo,7177
SpiceJet,455
GO FIRST,575
Air India,435
SpiceJet,8171
Indigo,5394
Indigo,6684
Indigo,154
Indigo,2046
AirAsia,471
Indigo,416
GO FIRST,306
Air India,546
Air India,9843
GO FIRST,506
Indigo,358
Indigo,903
Indigo,149
Indigo,198
Air India,9643
Indigo,6238
GO FIRST,295
Air India,403
AirAsia,791
Indigo,292
Indigo,5347
Indigo,5359
Indigo,6007
Indigo,6004
Indigo,2753
AirAsia,1982
SpiceJet,534
Air India,643
Indigo,5202
Indigo,2752
Indigo,7583
Indigo,398
Indigo,6324
Indigo,232
Indigo,2485
Indigo,5017
Air India,695
Indigo,7211
SpiceJet,8941
Indigo,945
Indigo,2478
Indigo,5207
SpiceJet,8411
Indigo,2093
Indigo,966
Indigo,6128
Indigo,7257
GO FIRST,143
Indigo,552
Vistara,755
Indigo,248
Air India,657
Air India,837
Indigo,321
Indigo,549
AirAsia,1727
Indigo,643
Indigo,6344
Air India,491
Indigo,5012
Indigo,5372
Indigo,926
Indigo,5386
Indigo,2349
Indigo,7201
Air India,655
Indigo,186
SpiceJet,480
Indigo,782
Indigo,221
Indigo,7234
Indigo,2456
Indigo,6012
Air India,645
GO FIRST,237
Indigo,6202
Indigo,394
GO FIRST,704
Indigo,5001
Indigo,5041
Indigo,171
Indigo,2168
Indigo,6216
Indigo,404
Indigo,5316
SpiceJet,958
Indigo,6505
Air India,629
Indigo,176
SpiceJet,163
Indigo,255
Indigo,626
GO FIRST,191
Indigo,613
Indigo,2249
Indigo,2618
Air India,713
GO FIRST,801
GO FIRST,513
GO FIRST,292
Indigo,939
Indigo,309
GO FIRST,194
Air India,745
Indigo,2154
Indigo,6201
Indigo,574
AirAsia,1564
Indigo,7062
Indigo,7224
Indigo,128
Indigo,524
Indigo,5327
Indigo,2769
Indigo,6865
Indigo,199
Air India,604
Indigo,415
Indigo,2162
Indigo,5325
Indigo,113
Indigo,5323
Indigo,2148
Indigo,2047
Indigo,2615
Indigo,2169
Indigo,755
Indigo,944
Indigo,283
Indigo,6195
SpiceJet,8253
Indigo,5379
SpiceJet,242
Indigo,2174
Indigo,6139
GO FIRST,153
Indigo,5328
Indigo,5343
Air India,895
Indigo,7261
Indigo,296
Indigo,295
Indigo,2186
AirAsia,779
Indigo,2131
SpiceJet,241
SpiceJet,198
Indigo,2061
Indigo,132
Indigo,2479
Indigo,5399
Air India,623
Indigo,6445
Indigo,751
GO FIRST,133
Indigo,5317
Indigo,218
Indigo,188
AirAsia,1622
SpiceJet,136
Indigo,2514
Indigo,6893
Indigo,6258
Indigo,6358
Indigo,183
SpiceJet,8483
Indigo,6016
Indigo,7076
SpiceJet,8108
Indigo,5218
AirAsia,2472
Indigo,7204
Indigo,7216
Indigo,2518
Indigo,2172
Indigo,2513
Indigo,6616
Indigo,7118
Indigo,5331
Indigo,2054
Indigo,224
Indigo,606
GO FIRST,145
SpiceJet,8104
Indigo,6307
Indigo,912
Indigo,2043
SpiceJet,339
Indigo,954
Indigo,5384
Indigo,6798
Indigo,5391
Air India,475
Indigo,5031
Indigo,2065
Indigo,312
Indigo,6261
Indigo,757
SpiceJet,8187
Indigo,6386
Air India,420
Indigo,6891
SpiceJet,467
Indigo,2685
Indigo,7713
Indigo,5389
GO FIRST,266
Air India,9927
Indigo,184
SpiceJet,489
SpiceJet,8185
Air India,780
Indigo,5203
Indigo,897
Indigo,5368
Indigo,2517
Indigo,2034
Indigo,6087
SpiceJet,3440
SpiceJet,349
SpiceJet,4031
Air India,627
Indigo,5365
Indigo,6737
SpiceJet,8263
Indigo,5018
Indigo,932
Air India,431
AirAsia,2392
Indigo,487
Indigo,2616
Indigo,6722
Indigo,2027
SpiceJet,3832
SpiceJet,4025
Indigo,207
Indigo,2337
Indigo,7121
SpiceJet,388
Air India,9887
Indigo,6171
Indigo,2001
SpiceJet,3229
Indigo,975
Indigo,2843
Indigo,438
SpiceJet,8107
Indigo,811
Indigo,809
SpiceJet,2697
Indigo,7149
Indigo,994
SpiceJet,2277
Indigo,244
Indigo,2076
SpiceJet,923
Indigo,2329
GO FIRST,503
Indigo,6597
Indigo,6721
Indigo,289
Indigo,949
AirAsia,1566
Air India,9755
Indigo,539
Indigo,761
SpiceJet,329
Indigo,2097
AirAsia,820
SpiceJet,3835
Indigo,2092
GO FIRST,661
Indigo,2036
SpiceJet,390
Indigo,483
SpiceJet,4003
Indigo,854
Indigo,917
AirAsia,541
SpiceJet,4005
Indigo,6464
GO FIRST,2401
GO FIRST,2605
Indigo,627
Indigo,5344
Indigo,2137
Indigo,5336
Indigo,2025
Indigo,875
AirAsia,482
Indigo,806
AirAsia,338
AirAsia,583
Indigo,2127
AirAsia,1783
GO FIRST,461
Indigo,332
Indigo,6739
SpiceJet,8938
GO FIRST,2231
AirAsia,678
GO FIRST,787
Indigo,889
Indigo,881
Indigo,2009
GO FIRST,303
GO FIRST,2403
Indigo,409
Indigo,5396
GO FIRST,2417
GO FIRST,347
GO FIRST,2411
Indigo,102
SpiceJet,209
AirAsia,788
GO FIRST,2609
Indigo,5382
Indigo,995
Indigo,832
Air India,688
GO FIRST,213
Indigo,5214
Indigo,165
Indigo,702
Air India,775
Indigo,6593
Air India,771
AirAsia,5205
Indigo,989
Indigo,2031
SpiceJet,3023
Indigo,6753
Indigo,959
Indigo,2367
Indigo,425
Air India,549
Indigo,7407
Indigo,434
Indigo,767
Indigo,356
AirAsia,2462
Air India,9925
GO FIRST,2511
Vistara,741
AirAsia,1731
Air India,9921
Indigo,2343
GO FIRST,7557
GO FIRST,681
Indigo,6088
Indigo,898
GO FIRST,231
Indigo,2042
Indigo,6182
Indigo,246
SpiceJet,343
Indigo,5352
Indigo,5073
Indigo,5302
AirAsia,1454
SpiceJet,535
Air India,9929
GO FIRST,300
Indigo,6223
Indigo,2053
Air India,9928
Indigo,319
Indigo,978
Indigo,6086
Indigo,5355
Indigo,7292
Indigo,7071
Indigo,708
Indigo,5329
GO FIRST,7553
Indigo,818
Indigo,856
GO FIRST,9110
Indigo,6123
Indigo,448
Indigo,461
Indigo,519
Air India,879
Indigo,6178
Indigo,401
Indigo,7208
Indigo,747
Indigo,7288
Indigo,271
Vistara,861
SpiceJet,327
Indigo,502
Indigo,6242
Air India,721
Indigo,205
Air India,9017
Indigo,6109
Air India,489
Indigo,7084
Indigo,2082
Indigo,2081
Indigo,5006
Indigo,716
Indigo,922
Air India,801
Indigo,573
Air India,772
AirAsia,735
Indigo,575
Indigo,2107
Indigo,6269
Indigo,227
Indigo,759
GO FIRST,1010
SpiceJet,264
Indigo,201
Indigo,261
Indigo,353
Indigo,713
Indigo,676
Indigo,395
Air India,781
Indigo,6572
Air India,667
Indigo,268
Indigo,952
Trujet,623
Indigo,2841
Air India,603
Indigo,5206
Indigo,6802
Air India,499
Indigo,503
Indigo,172
GO FIRST,297
GO FIRST,551
Indigo,7227
Air India,407
Air India,563
GO FIRST,813
Indigo,6062
GO FIRST,2440
Indigo,6636
Indigo,2109
Air India,9857
GO FIRST,121
Indigo,121
SpiceJet,8701
Indigo,963
GO FIRST,2504
Indigo,7336
GO FIRST,357
Indigo,6231
SpiceJet,438
Indigo,234
Indigo,635
Indigo,537
SpiceJet,8723
Indigo,6553
SpiceJet,8179
Indigo,581
StarAir,131
StarAir,151
AirAsia,881
Indigo,907
StarAir,152
SpiceJet,3719
Indigo,6098
AirAsia,5204
Indigo,5337
SpiceJet,254
Indigo,2106
Air India,601
Indigo,892
Indigo,7175
GO FIRST,381
Indigo,2013
Indigo,6271
Indigo,2057
GO FIRST,911
Indigo,148
Indigo,146
Indigo,5358
Indigo,5342
GO FIRST,2601
Indigo,848
Air India,715
GO FIRST,602
Air India,509
SpiceJet,635
Indigo,2763
GO FIRST,268
Air India,9015
Indigo,5014
GO FIRST,2502
Indigo,7183
SpiceJet,3233
Air India,9809
Indigo,2103
GO FIRST,2606
GO FIRST,3184
Indigo,2178
Indigo,6825
SpiceJet,6003
Indigo,6084
SpiceJet,1089
Indigo,2069
Indigo,2033
GO FIRST,1171
SpiceJet,1062
SpiceJet,1061
Indigo,266
Indigo,212
Indigo,6095
Indigo,6245
SpiceJet,5067
SpiceJet,634
SpiceJet,1031
SpiceJet,946
Indigo,866
Indigo,2471
Indigo,821
Indigo,546
GO FIRST,299
SpiceJet,3321
Indigo,7115
GO FIRST,294
AirAsia,361
Indigo,5042
Indigo,611
Indigo,6213
SpiceJet,6006
AirAsia,589
SpiceJet,1077
SpiceJet,6005
GO FIRST,404
SpiceJet,5075
SpiceJet,415
SpiceJet,5069
SpiceJet,468
GO FIRST,131
SpiceJet,1057
Air India,564
SpiceJet,1056
Indigo,5395
Air India,493
GO FIRST,188
Air India,861
Indigo,2089
Air India,9609
SpiceJet,1063
SpiceJet,1032
SpiceJet,5088
Air India,641
SpiceJet,6027
SpiceJet,1092
GO FIRST,719
Indigo,6227
Indigo,387
AirAsia,736
SpiceJet,8910
GO FIRST,199
AirAsia,892
Air India,9030
SpiceJet,1071
Indigo,6106
Indigo,5431
GO FIRST,384
SpiceJet,5012
Indigo,5063
GO FIRST,374
Indigo,6717
Indigo,213
Air India,9645
Air India,9919
Indigo,436
Indigo,192
SpiceJet,5013
Indigo,2032
Vistara,671
SpiceJet,274
SpiceJet,5019
Indigo,882
Indigo,736
Indigo,307
Indigo,286
SpiceJet,5018
Indigo,6268
Indigo,695
Indigo,6206
SpiceJet,1059
AirAsia,360
Indigo,245
Indigo,5026
Indigo,7589
Indigo,6211
Indigo,7348
GO FIRST,815
AirAsia,334
Indigo,6915
Indigo,6292
Indigo,557
Indigo,938
SpiceJet,8195
Indigo,5071
GO FIRST,403
Indigo,7193
Indigo,453
Indigo,469
Indigo,478
Indigo,2719
Indigo,2511
Indigo,2274
Indigo,6815
SpiceJet,649
Indigo,943
Indigo,947
Indigo,951
Indigo,6094
Indigo,208
Indigo,177
GO FIRST,105
Indigo,6515
SpiceJet,395
Indigo,153
Indigo,6294
Indigo,5501
Indigo,374
SpiceJet,5068
Trujet,515
Indigo,6517
Vistara,721
Indigo,363
GO FIRST,108
SpiceJet,1072
SpiceJet,1090
SpiceJet,5094
SpiceJet,5006
SpiceJet,6017
SpiceJet,5074
SpiceJet,5072
SpiceJet,5093
GO FIRST,401
Indigo,5059
Indigo,715
Air India,551
SpiceJet,5091
Indigo,5361
SpiceJet,5073
AirAsia,5406
Air India,652
Indigo,5373
Indigo,6393
Indigo,544
SpiceJet,1091
SpiceJet,6001
SpiceJet,5007
Trujet,518
SpiceJet,5002
Indigo,561
GO FIRST,209
Indigo,5393
Indigo,2901
Indigo,559
Indigo,6475
Indigo,5349
Vistara,641
SpiceJet,1054
SpiceJet,3564
SpiceJet,1074
Indigo,825
Indigo,442
Indigo,298
Air India,583
GO FIRST,207
Indigo,439
Indigo,308
Indigo,327
GO FIRST,397
AirAsia,1540
Indigo,477
Indigo,368
Indigo,274
GO FIRST,676
Indigo,123
SpiceJet,8905
SpiceJet,8906
GO FIRST,203
GO FIRST,917
GO FIRST,962
Indigo,408
Indigo,164
Indigo,151
SpiceJet,8968
Indigo,138
GO FIRST,2607
Indigo,105
GO FIRST,151
Indigo,365
Indigo,6309
Indigo,488
Indigo,7221
Indigo,5345
Indigo,7114
Indigo,5313
Indigo,7127
Indigo,5305
Indigo,7141
Indigo,7147
Indigo,5303
Indigo,5176
Indigo,7195
Indigo,5087
Indigo,7202
Indigo,5047
Indigo,5037
Indigo,2048
Indigo,7252
Indigo,5016
Indigo,5007
Indigo,7307
Indigo,7329
SpiceJet,107
Indigo,2519
Indigo,2346
SpiceJet,197
SpiceJet,223
Indigo,2176
SpiceJet,263
SpiceJet,292
Indigo,6993
Indigo,6971
Indigo,6939
Indigo,6897
Indigo,6293
Indigo,6282
Indigo,6264
Indigo,6381
Indigo,6247
Indigo,6417
Indigo,6444
Indigo,6478
Indigo,6479
Indigo,6198
Indigo,6197
Indigo,6189
Indigo,6186
Indigo,6565
Indigo,6183
Indigo,6174
Indigo,6148
Indigo,6612
Indigo,6096
Indigo,6085
Indigo,6741
Indigo,6781
Indigo,6029
Indigo,6023
Indigo,6817
Indigo,6876
Indigo,5381
Indigo,2087
Indigo,884
SpiceJet,366
Indigo,798
Indigo,911
Indigo,887
Indigo,869
SpiceJet,2508
SpiceJet,2643
Indigo,864
SpiceJet,3239
SpiceJet,3248
Indigo,802
Indigo,781
Indigo,972
SpiceJet,3723
SpiceJet,3725
SpiceJet,3728
Indigo,739
Indigo,738
Indigo,735
Indigo,727
Indigo,698
SpiceJet,8103
Indigo,969
Indigo,871
Indigo,533
Indigo,542
Indigo,987
Indigo,973
Indigo,584
Indigo,595
SpiceJet,487
Indigo,998
SpiceJet,8191
Indigo,2007
Indigo,2008
Indigo,621
Indigo,2015
Indigo,2016
GO FIRST,2506
Indigo,2022
Air India,487
Air India,9915
SpiceJet,389
Indigo,7259
Indigo,5088
Air India,9937
SpiceJet,6016
Indigo,961
GO FIRST,2201
Indigo,6623
Indigo,6719
SpiceJet,6018
SpiceJet,5079
SpiceJet,5025
Indigo,251
Indigo,634
Indigo,6121
GO FIRST,7542
Air India,9931
Air India,433
Air India,9911
Air India,437
SpiceJet,9911
Air India,9939
AirAsia,1427
Indigo,6926
Trujet,621
SpiceJet,5092
Indigo,3214
AirAsia,5402
Indigo,7293
Indigo,2938
GO FIRST,806
AirAsia,5405
Indigo,7587
Indigo,543
SpiceJet,8193
Indigo,5003
Indigo,2914
SpiceJet,8480
Indigo,6474
SpiceJet,8339
Indigo,3211
Indigo,6613
SpiceJet,8913
GO FIRST,705
GO FIRST,405
SpiceJet,1058
Indigo,865
Air India,9991
SpiceJet,8106
GO FIRST,107
StarAir,150
SpiceJet,9923
AirAsia,737
SpiceJet,9974
Indigo,2939
